photo_id,img_path,label
1vPzp02KpWBJ1y1bH4lGdg,1vPzp02KpWBJ1y1bH4lGdg.jpg,0
2TkIeB1p5uw5gAV2eHa_Jg,2TkIeB1p5uw5gAV2eHa_Jg.jpg,0
3OT7J8-EUcEuM1ARP89GTw,3OT7J8-EUcEuM1ARP89GTw.jpg,0
5bqkCfI2Vkfvd8079k4j1A,5bqkCfI2Vkfvd8079k4j1A.jpg,0
5iu6tllL2V19d1N5ws1txw,5iu6tllL2V19d1N5ws1txw.jpg,0
626QC4dnQxPkqGug_dNGvQ,626QC4dnQxPkqGug_dNGvQ.jpg,0
6AsR8CdEr0xr97ZPC6R8zw,6AsR8CdEr0xr97ZPC6R8zw.jpg,0
6kzeYRvgzE3DK8_Q5MZjOw,6kzeYRvgzE3DK8_Q5MZjOw.jpg,0
6Ortz6oR5Udnq29sCxPLsQ,6Ortz6oR5Udnq29sCxPLsQ.jpg,0
9h7d1kYitqcAyZg_jEMekg,9h7d1kYitqcAyZg_jEMekg.jpg,0
Ay6xQMH61yvtfCCtENc5TQ,Ay6xQMH61yvtfCCtENc5TQ.jpg,0
BcazJQIW9arW_ZAXY9FRyw,BcazJQIW9arW_ZAXY9FRyw.jpg,0
BPmrsdpd8y8GfwbktAByEA,BPmrsdpd8y8GfwbktAByEA.jpg,0
bYhJjR2WimAkGic2i87-gg,bYhJjR2WimAkGic2i87-gg.jpg,0
cUYAxqJI8jDkWXAmB_bjGQ,cUYAxqJI8jDkWXAmB_bjGQ.jpg,0
DHIDIMbEy8Y82vveVyMbZw,DHIDIMbEy8Y82vveVyMbZw.jpg,0
E7EVc2joN8EQNA-bRmAK0A,E7EVc2joN8EQNA-bRmAK0A.jpg,0
eGwc05QOX5loLX7PMD9aIw,eGwc05QOX5loLX7PMD9aIw.jpg,0
EySG181SldPbHJgNxsAcQQ,EySG181SldPbHJgNxsAcQQ.jpg,0
F2jbongXfYkxPgJffoBhSw,F2jbongXfYkxPgJffoBhSw.jpg,0
gJ1UP6NlIygGAHDWhqmv7Q,gJ1UP6NlIygGAHDWhqmv7Q.jpg,0
gSRb39DPW7eV-_Un41KiMA,gSRb39DPW7eV-_Un41KiMA.jpg,0
GtT4CMFNRQbWw4ipSBcF1A,GtT4CMFNRQbWw4ipSBcF1A.jpg,0
i3wXjfZVOurUwoCuZWSMUQ,i3wXjfZVOurUwoCuZWSMUQ.jpg,0
j1uL_TskVnHi0HHxKLBGcw,j1uL_TskVnHi0HHxKLBGcw.jpg,0
l19Ws-tTUMvjL6fVy3zXzg,l19Ws-tTUMvjL6fVy3zXzg.jpg,0
laFDYlYoHwKy6bCPkRrP_A,laFDYlYoHwKy6bCPkRrP_A.jpg,0
lBgGt-XxX1dc4RFerISnLA,lBgGt-XxX1dc4RFerISnLA.jpg,0
LObD2yOWKJ0UyDkwpmMO9w,LObD2yOWKJ0UyDkwpmMO9w.jpg,0
LOKa5djVU0s5-0Ug1WQ_bA,LOKa5djVU0s5-0Ug1WQ_bA.jpg,0
MmCvcjU40O1kqwjMoU_qng,MmCvcjU40O1kqwjMoU_qng.jpg,0
_NtjoO_L6PiCsUV2DT0ERA,_NtjoO_L6PiCsUV2DT0ERA.jpg,0
NUl5zquoLpXYo9OAURkmXg,NUl5zquoLpXYo9OAURkmXg.jpg,0
nziwyzfXzurK_gDWvjl3yw,nziwyzfXzurK_gDWvjl3yw.jpg,0
o1rKeHo5e8AjNSYdJ1m0qw,o1rKeHo5e8AjNSYdJ1m0qw.jpg,0
oBH_MsFGDxYLYDYQNPX-oA,oBH_MsFGDxYLYDYQNPX-oA.jpg,0
pkrrsgli902n1DdenicHSg,pkrrsgli902n1DdenicHSg.jpg,0
PKw4AyxYAR44-GbXXREmcg,PKw4AyxYAR44-GbXXREmcg.jpg,0
q40gWGbsic3R-DYUeK2sSw,q40gWGbsic3R-DYUeK2sSw.jpg,0
RE2VYz5-Uqa6lCA_I3YU6A,RE2VYz5-Uqa6lCA_I3YU6A.jpg,0
R-G6XO_w-QlDkSagvrPy_g,R-G6XO_w-QlDkSagvrPy_g.jpg,0
RIEHXng9d5t-Gcsm6_DEIg,RIEHXng9d5t-Gcsm6_DEIg.jpg,0
rq88zMiJaXZbIw23u_2wAg,rq88zMiJaXZbIw23u_2wAg.jpg,0
SmVqbkJK7eFYC90s3eXjkA,SmVqbkJK7eFYC90s3eXjkA.jpg,0
w7baayB3-kPzLforFDo1xw,w7baayB3-kPzLforFDo1xw.jpg,0
waFTyY2N0I8bqAz7edqSjQ,waFTyY2N0I8bqAz7edqSjQ.jpg,0
xybV9B1yvJU31s1Rzy8jyg,xybV9B1yvJU31s1Rzy8jyg.jpg,0
yeqnAxIkWkBhxl2RYpavwQ,yeqnAxIkWkBhxl2RYpavwQ.jpg,0
yUUZRjfK_978O3NjtCr-HA,yUUZRjfK_978O3NjtCr-HA.jpg,0
ywTqH6kkRcm8OTP2DtQNLw,ywTqH6kkRcm8OTP2DtQNLw.jpg,0
2TyT8GSFbsM2mQgtMJuvrg,2TyT8GSFbsM2mQgtMJuvrg.jpg,3
54r7PcDesAY1ZGChoL0v8Q,54r7PcDesAY1ZGChoL0v8Q.jpg,3
6kyfkJLicPMiu1zqT-SWjg,6kyfkJLicPMiu1zqT-SWjg.jpg,3
7vSWvH103vfYjZY5bOb0nA,7vSWvH103vfYjZY5bOb0nA.jpg,3
8c5McLM-En0YtSRMWiSMRQ,8c5McLM-En0YtSRMWiSMRQ.jpg,3
9bdt3WbnU3qPbnFc404i7Q,9bdt3WbnU3qPbnFc404i7Q.jpg,3
9Ojsv0hz4XsjiWveK9aolQ,9Ojsv0hz4XsjiWveK9aolQ.jpg,3
9wKv3RiT63bf4OfsbmUPZw,9wKv3RiT63bf4OfsbmUPZw.jpg,3
AFonv7dQZbcC-pkyIcOMCg,AFonv7dQZbcC-pkyIcOMCg.jpg,3
aGc9LGHFjzhqxNDgAMqQTQ,aGc9LGHFjzhqxNDgAMqQTQ.jpg,3
BAeuJsDUAguK9EZE3OgxLQ,BAeuJsDUAguK9EZE3OgxLQ.jpg,3
Bs7ug-WwVe62-gbPcc2_GA,Bs7ug-WwVe62-gbPcc2_GA.jpg,3
bU4DGlfjq0hObSB1q0Voeg,bU4DGlfjq0hObSB1q0Voeg.jpg,3
cgNmzX-doB9plRiz81lX6A,cgNmzX-doB9plRiz81lX6A.jpg,3
dizUXh10n296S9PHQh9kug,dizUXh10n296S9PHQh9kug.jpg,3
DXvpI83HYZyhEQcWUm2kCQ,DXvpI83HYZyhEQcWUm2kCQ.jpg,3
eNHjvte_pbC4PL4eXAqOiQ,eNHjvte_pbC4PL4eXAqOiQ.jpg,3
Fc4mxe-mtahBlWZsWcy0Vw,Fc4mxe-mtahBlWZsWcy0Vw.jpg,3
fG0NnK0k4bmBXTVURc2MfA,fG0NnK0k4bmBXTVURc2MfA.jpg,3
FU7Vsd5kew2dy2SKu0oLpw,FU7Vsd5kew2dy2SKu0oLpw.jpg,3
_G_PtNwR_ouPOq_AtpVmCQ,_G_PtNwR_ouPOq_AtpVmCQ.jpg,3
gw-Qev0bYXaDtKR-mAcd8g,gw-Qev0bYXaDtKR-mAcd8g.jpg,3
GYVNu-bSyU3Gr2Pf7uAY1g,GYVNu-bSyU3Gr2Pf7uAY1g.jpg,3
hG_4MmAlMC_H9sRdQa4V-A,hG_4MmAlMC_H9sRdQa4V-A.jpg,3
iMMG5uoOARXJiKCSufJuPg,iMMG5uoOARXJiKCSufJuPg.jpg,3
j6CKQd6Iyx9SlRxx4XqiNA,j6CKQd6Iyx9SlRxx4XqiNA.jpg,3
JMdy7sOhQc6i1sU2ycUBYg,JMdy7sOhQc6i1sU2ycUBYg.jpg,3
kMKo9RmQhNFTr15w9TUpNw,kMKo9RmQhNFTr15w9TUpNw.jpg,3
Me7Bf4yYJF8-7-xmNCMZqA,Me7Bf4yYJF8-7-xmNCMZqA.jpg,3
m-ecSIgrHERmT7wGtKWHTA,m-ecSIgrHERmT7wGtKWHTA.jpg,3
MF3IdSw-yZfZmDXCQYgvCA,MF3IdSw-yZfZmDXCQYgvCA.jpg,3
MlUWkXWSr4a8Ncy6EK5C8g,MlUWkXWSr4a8Ncy6EK5C8g.jpg,3
_nb5zN8z4jH1S92Jm7iDPA,_nb5zN8z4jH1S92Jm7iDPA.jpg,3
nspElau9DN9o_iaydfxv3A,nspElau9DN9o_iaydfxv3A.jpg,3
nweIrDN3sm6YwzAjndZTLg,nweIrDN3sm6YwzAjndZTLg.jpg,3
O-9Dykg4Do_puVq6h2zjaQ,O-9Dykg4Do_puVq6h2zjaQ.jpg,3
oae5ezlRVoz6ajS60WAP_w,oae5ezlRVoz6ajS60WAP_w.jpg,3
ODeF483hg39EwV_zq5HNiA,ODeF483hg39EwV_zq5HNiA.jpg,3
oqrx86NnHcL6kyE1o1nFxA,oqrx86NnHcL6kyE1o1nFxA.jpg,3
QN4m1jbpjHSZeagNGbzlZA,QN4m1jbpjHSZeagNGbzlZA.jpg,3
rZhQmvG4hqxuXPMtJ-mVsQ,rZhQmvG4hqxuXPMtJ-mVsQ.jpg,3
s1COT6cwZGKuMOxgFpuMDA,s1COT6cwZGKuMOxgFpuMDA.jpg,3
TDMRBn3h4fz04Vlr2TPEmg,TDMRBn3h4fz04Vlr2TPEmg.jpg,3
TVnnhFFlgRLKyBd2WBSw6g,TVnnhFFlgRLKyBd2WBSw6g.jpg,3
u7oSb0ugIMPIlyt8khSooA,u7oSb0ugIMPIlyt8khSooA.jpg,3
uyDYKTDv-_dHjsQn5ftgYg,uyDYKTDv-_dHjsQn5ftgYg.jpg,3
Vi7zqqB8KHhGkDbA70sfSw,Vi7zqqB8KHhGkDbA70sfSw.jpg,3
X_2RcSqHm4L7E5hXNzifzg,X_2RcSqHm4L7E5hXNzifzg.jpg,3
xJBvlir4SJAl4isrChE4MQ,xJBvlir4SJAl4isrChE4MQ.jpg,3
zVSUZdWDqsnawxiXVLtNPw,zVSUZdWDqsnawxiXVLtNPw.jpg,3
0YogvPjxHvcBs9SBZKjLng,0YogvPjxHvcBs9SBZKjLng.jpg,4
2BNuOKgiHClyiNhfzw5Yyg,2BNuOKgiHClyiNhfzw5Yyg.jpg,4
59uA0JlS18sJ_xSI1I9Fmg,59uA0JlS18sJ_xSI1I9Fmg.jpg,4
5g8pq7DSl6ixjpRlaKX8FQ,5g8pq7DSl6ixjpRlaKX8FQ.jpg,4
6aXuCC1bLLojR6CmZ_X1Dg,6aXuCC1bLLojR6CmZ_X1Dg.jpg,4
7bZK1QNOgzuZS-HpQVTW4Q,7bZK1QNOgzuZS-HpQVTW4Q.jpg,4
9dBRiq0yXNWQGKrYo9B08A,9dBRiq0yXNWQGKrYo9B08A.jpg,4
Ab1jaFPEtj2y_yaevyiBBA,Ab1jaFPEtj2y_yaevyiBBA.jpg,4
BEek5H9LkrQDmBG-oeOapw,BEek5H9LkrQDmBG-oeOapw.jpg,4
bSngDB1ZkjN0wICE-2Ediw,bSngDB1ZkjN0wICE-2Ediw.jpg,4
bU8PbXbKlOKKPNm8xenbkw,bU8PbXbKlOKKPNm8xenbkw.jpg,4
dEf1FCZThAlAhABVOohJFg,dEf1FCZThAlAhABVOohJFg.jpg,4
E7_OsRMaKOAonbsLdRTcdw,E7_OsRMaKOAonbsLdRTcdw.jpg,4
EhbwmeNFyxj8ukSPLKmFJA,EhbwmeNFyxj8ukSPLKmFJA.jpg,4
eYnaYRQEWGII_PbVSWI4jw,eYnaYRQEWGII_PbVSWI4jw.jpg,4
flw3eXbRlCHIydu_0qONrA,flw3eXbRlCHIydu_0qONrA.jpg,4
gG-8PGZ2AT0O6oQ3WKzgyA,gG-8PGZ2AT0O6oQ3WKzgyA.jpg,4
GmCYK1d8iMwvg-vA5cQiOA,GmCYK1d8iMwvg-vA5cQiOA.jpg,4
h_rVF-z0z4gpQat4adyY4w,h_rVF-z0z4gpQat4adyY4w.jpg,4
IbrDm3j41T7HFTXD2zx2Jg,IbrDm3j41T7HFTXD2zx2Jg.jpg,4
iEYxlyP87jzbXcEIjfJniw,iEYxlyP87jzbXcEIjfJniw.jpg,4
IHI7maky98pli1c0lXU0kg,IHI7maky98pli1c0lXU0kg.jpg,4
IoNAMHLt-RQlsZpSU-yJMg,IoNAMHLt-RQlsZpSU-yJMg.jpg,4
JBaIjUA8o3nn93L3xj_Oaw,JBaIjUA8o3nn93L3xj_Oaw.jpg,4
Jcb0dcTG-OjdKK0Ub3bzFQ,Jcb0dcTG-OjdKK0Ub3bzFQ.jpg,4
jCn7SABoxZSIrDHFdfDIMA,jCn7SABoxZSIrDHFdfDIMA.jpg,4
k1Y8KpE85WZA-1GQa0DlNA,k1Y8KpE85WZA-1GQa0DlNA.jpg,4
kW6W0a2WAd5_kbrvlEFyBg,kW6W0a2WAd5_kbrvlEFyBg.jpg,4
LkdwQim5V-xrbifRRPDang,LkdwQim5V-xrbifRRPDang.jpg,4
MuIzcC4-5DYgjbCIAZkcgw,MuIzcC4-5DYgjbCIAZkcgw.jpg,4
NB6CEfZIfrWsyYnDeZAMcw,NB6CEfZIfrWsyYnDeZAMcw.jpg,4
nHtnrvJBt0UPryoPQTS1Rw,nHtnrvJBt0UPryoPQTS1Rw.jpg,4
NI0DzOlHTybrF7xKiMrwdw,NI0DzOlHTybrF7xKiMrwdw.jpg,4
NiyMJjMEZnoMPR0OAZ8e1Q,NiyMJjMEZnoMPR0OAZ8e1Q.jpg,4
noVn9TOtN9GtXzPwRDQTxw,noVn9TOtN9GtXzPwRDQTxw.jpg,4
nzoo8m5nYsOp8JFw3RlZeA,nzoo8m5nYsOp8JFw3RlZeA.jpg,4
OT1_4bTb_Y4eCnzDDPWvoA,OT1_4bTb_Y4eCnzDDPWvoA.jpg,4
p67enXejFvif3I3xYbD-hQ,p67enXejFvif3I3xYbD-hQ.jpg,4
pFE5ZVA8oGwmQng98GUu4w,pFE5ZVA8oGwmQng98GUu4w.jpg,4
pn9WubG6Wn7N3lIimvwVfw,pn9WubG6Wn7N3lIimvwVfw.jpg,4
pPTfaY0wgV5Kb18EhtJ_QQ,pPTfaY0wgV5Kb18EhtJ_QQ.jpg,4
Qdw82fcDIk5vbhJBQEAAUQ,Qdw82fcDIk5vbhJBQEAAUQ.jpg,4
qLwF4jdNmV7eo4n3OR5u-w,qLwF4jdNmV7eo4n3OR5u-w.jpg,4
RrtXBWEW-ahFdeEy_T9D1A,RrtXBWEW-ahFdeEy_T9D1A.jpg,4
TiAlm9l0pYAW5Qyxg1pfYA,TiAlm9l0pYAW5Qyxg1pfYA.jpg,4
TMVQJPmAMGXjdT5TaZrEQQ,TMVQJPmAMGXjdT5TaZrEQQ.jpg,4
ulKXcMS33owEvrV7atElZw,ulKXcMS33owEvrV7atElZw.jpg,4
UUMqMRf_wAk6E0_evwlnpQ,UUMqMRf_wAk6E0_evwlnpQ.jpg,4
VtrORP9InohHT8g_P2sGjw,VtrORP9InohHT8g_P2sGjw.jpg,4
wtXa3z0iolxhzJnU8D4gCg,wtXa3z0iolxhzJnU8D4gCg.jpg,4
xsl1v6rPgMUhPYVRvKpTow,xsl1v6rPgMUhPYVRvKpTow.jpg,4
1lak1xyoWBk3UzB-ql9AZg,1lak1xyoWBk3UzB-ql9AZg.jpg,2
2VR4KSQxnk06MEAWnw_O-A,2VR4KSQxnk06MEAWnw_O-A.jpg,2
4Xo8r3iSk4aVV7jdlMKuiw,4Xo8r3iSk4aVV7jdlMKuiw.jpg,2
4Y_T-214GPRwEExtf62o4w,4Y_T-214GPRwEExtf62o4w.jpg,2
7qG_xaMtM36n8UH8MbBblA,7qG_xaMtM36n8UH8MbBblA.jpg,2
7_t5aO8eNffE5Q9ZfoB3Lg,7_t5aO8eNffE5Q9ZfoB3Lg.jpg,2
9djSbuhxlMlTa7m9nPjhqA,9djSbuhxlMlTa7m9nPjhqA.jpg,2
aaxnRTluSC4NxVVcv333gQ,aaxnRTluSC4NxVVcv333gQ.jpg,2
AesuK2CN5x7SMgxayIj82w,AesuK2CN5x7SMgxayIj82w.jpg,2
b7jWowGUoVWO8ztik3K4fQ,b7jWowGUoVWO8ztik3K4fQ.jpg,2
bBzJHjTJSAosb0fYOBG1_Q,bBzJHjTJSAosb0fYOBG1_Q.jpg,2
bygh8-sTJoZs6RQUyjN4ww,bygh8-sTJoZs6RQUyjN4ww.jpg,2
D7AlGbJ9Qspk7IoZYuaMAw,D7AlGbJ9Qspk7IoZYuaMAw.jpg,2
DaB6V3lgFTPQPLCzBxGt2g,DaB6V3lgFTPQPLCzBxGt2g.jpg,2
DAcka82xu4al9SKgK34I4A,DAcka82xu4al9SKgK34I4A.jpg,2
dKjTGS8cSoZmImKYPxCx5w,dKjTGS8cSoZmImKYPxCx5w.jpg,2
Dqbxa-JuZYi9Ns5rnz255w,Dqbxa-JuZYi9Ns5rnz255w.jpg,2
EZ-fsrrtLNpcXzgtUtJJww,EZ-fsrrtLNpcXzgtUtJJww.jpg,2
fWqIUcO8Vh2oZDnfB_1kbA,fWqIUcO8Vh2oZDnfB_1kbA.jpg,2
H86iscK-DDF8Q27YzlXcVQ,H86iscK-DDF8Q27YzlXcVQ.jpg,2
HfCdlJJLj1xpdIz-4Q4qBQ,HfCdlJJLj1xpdIz-4Q4qBQ.jpg,2
HpifKTwHZEAE6W-MD4dpnw,HpifKTwHZEAE6W-MD4dpnw.jpg,2
IBiOtyP9XARqVuxMh5OSdg,IBiOtyP9XARqVuxMh5OSdg.jpg,2
igMJorNJdmagP6JcSFBD_Q,igMJorNJdmagP6JcSFBD_Q.jpg,2
iTeIIkRaSbN9d1zQY_wKwg,iTeIIkRaSbN9d1zQY_wKwg.jpg,2
iZ9NiENkxeWwi_ImxZOXqg,iZ9NiENkxeWwi_ImxZOXqg.jpg,2
JoMKicDrqAetlbnJ5WeFwg,JoMKicDrqAetlbnJ5WeFwg.jpg,2
kOEEXq0_9VjrYUHBMHVd3g,kOEEXq0_9VjrYUHBMHVd3g.jpg,2
LNqBgeqVO47q7S-tV90lBw,LNqBgeqVO47q7S-tV90lBw.jpg,2
nNAtSSkId2XTLQ_vPWgQ9A,nNAtSSkId2XTLQ_vPWgQ9A.jpg,2
OOAAg19Jc8ik8buwYpqCGg,OOAAg19Jc8ik8buwYpqCGg.jpg,2
PERFNrRW-aZqhlTYAxfpoQ,PERFNrRW-aZqhlTYAxfpoQ.jpg,2
PqdWbS1-38WClfR9HOD09g,PqdWbS1-38WClfR9HOD09g.jpg,2
PYqc1mJ0RGn2JZV2ok4MFQ,PYqc1mJ0RGn2JZV2ok4MFQ.jpg,2
qm4Fwv1ehsYgfVjfmcYgfg,qm4Fwv1ehsYgfVjfmcYgfg.jpg,2
tD-5zb-6FAaKR1w84yhAkA,tD-5zb-6FAaKR1w84yhAkA.jpg,2
TDOlamVeOKqIxDF-vK9pYA,TDOlamVeOKqIxDF-vK9pYA.jpg,2
tzmxrAOQKY1zDbSyQLR7ZQ,tzmxrAOQKY1zDbSyQLR7ZQ.jpg,2
ubLQkV23ImRIFLCBGTi4eQ,ubLQkV23ImRIFLCBGTi4eQ.jpg,2
UC2bMOcect6yliLw1F3MNA,UC2bMOcect6yliLw1F3MNA.jpg,2
uCkgRjR4-Wre-Zr3YUZdOQ,uCkgRjR4-Wre-Zr3YUZdOQ.jpg,2
uCr7mhtn9J7BMfxIdBLytw,uCr7mhtn9J7BMfxIdBLytw.jpg,2
V0E2Eg2o3BAi8p8ex_u12w,V0E2Eg2o3BAi8p8ex_u12w.jpg,2
VdXb4TbMZrWROsE3NvbJ_Q,VdXb4TbMZrWROsE3NvbJ_Q.jpg,2
VKBV5O6JhL2nkDYz7pbSEA,VKBV5O6JhL2nkDYz7pbSEA.jpg,2
-Wb1iklgq0Kcq7dm5H4HrA,-Wb1iklgq0Kcq7dm5H4HrA.jpg,2
wPBI3xz506WOieHyJi--dw,wPBI3xz506WOieHyJi--dw.jpg,2
WZYSHCWhAUA4lKJbUByJiQ,WZYSHCWhAUA4lKJbUByJiQ.jpg,2
XfkI2CUVH8AI7J9j2kyq4w,XfkI2CUVH8AI7J9j2kyq4w.jpg,2
xhrqsuikQUffRH7PvPXHyw,xhrqsuikQUffRH7PvPXHyw.jpg,2
01EY05I9aDCmR9c3ILvCmA,01EY05I9aDCmR9c3ILvCmA.jpg,1
094owZff6oufGlTpxMb73g,094owZff6oufGlTpxMb73g.jpg,1
0DMknbWjSuWh6nP90EwM7Q,0DMknbWjSuWh6nP90EwM7Q.jpg,1
1tY1KEq76joWD8BRlcwxJg,1tY1KEq76joWD8BRlcwxJg.jpg,1
30Clv6PIgh8yJ0RhxBy8RA,30Clv6PIgh8yJ0RhxBy8RA.jpg,1
-3IFvzlecqiMAW_1F--0HA,-3IFvzlecqiMAW_1F--0HA.jpg,1
3zr2KJDef10Uwx9-UhoInQ,3zr2KJDef10Uwx9-UhoInQ.jpg,1
4ZG_W2CYEMeQnUC6blullA,4ZG_W2CYEMeQnUC6blullA.jpg,1
5hCILHVOxJ4BQIxdn-Tbsg,5hCILHVOxJ4BQIxdn-Tbsg.jpg,1
5MholGxYjCWw1tg87BJq1w,5MholGxYjCWw1tg87BJq1w.jpg,1
5wqmXn9JPQmBzdzhl51z0A,5wqmXn9JPQmBzdzhl51z0A.jpg,1
8I3UoKeP7weQYzEYkLViVw,8I3UoKeP7weQYzEYkLViVw.jpg,1
bkgVkWEQQTt7jqM3JexMzQ,bkgVkWEQQTt7jqM3JexMzQ.jpg,1
bSKzbTp1S1V_qEFD3fh_UA,bSKzbTp1S1V_qEFD3fh_UA.jpg,1
BxIRmzzH1ZJhmtnBsYlQ7Q,BxIRmzzH1ZJhmtnBsYlQ7Q.jpg,1
chzWG8S5F05IihXQfLBCyg,chzWG8S5F05IihXQfLBCyg.jpg,1
_czseZTMFVSQ__TABmfSqw,_czseZTMFVSQ__TABmfSqw.jpg,1
EQ22vBbjHDl9kqT0UYObeg,EQ22vBbjHDl9kqT0UYObeg.jpg,1
exxZ8Edl2qIPVwaAkrcIrA,exxZ8Edl2qIPVwaAkrcIrA.jpg,1
faXuV5jETwbGa95UVJpXWA,faXuV5jETwbGa95UVJpXWA.jpg,1
gEwycU-wJgI-VpKrHAGlJQ,gEwycU-wJgI-VpKrHAGlJQ.jpg,1
gL1t1_5pb6YBTB4xUC-kPQ,gL1t1_5pb6YBTB4xUC-kPQ.jpg,1
gr0nGVZKkVWov01W_hRN6Q,gr0nGVZKkVWov01W_hRN6Q.jpg,1
GZMimjMLuDP3o_7GwyRlew,GZMimjMLuDP3o_7GwyRlew.jpg,1
HtBLqHGMVUewDc0wuu7I3g,HtBLqHGMVUewDc0wuu7I3g.jpg,1
irs7EYvNx04F5zpLRfn6vA,irs7EYvNx04F5zpLRfn6vA.jpg,1
ivzMg7Wjr9kAdEzlzUk3WA,ivzMg7Wjr9kAdEzlzUk3WA.jpg,1
k0gObBAgT1JSbmHtbwH7Qg,k0gObBAgT1JSbmHtbwH7Qg.jpg,1
K7vt8kUrlT1Q2cHuaZYBTQ,K7vt8kUrlT1Q2cHuaZYBTQ.jpg,1
ljrW5b_sFwXJ9krJ-PyCtA,ljrW5b_sFwXJ9krJ-PyCtA.jpg,1
lVZYYpNuFfu0fu6kU3gusg,lVZYYpNuFfu0fu6kU3gusg.jpg,1
MJehp7--1dUB_M1SaM3jIQ,MJehp7--1dUB_M1SaM3jIQ.jpg,1
mK3otGuluXLTvkg4djRYsQ,mK3otGuluXLTvkg4djRYsQ.jpg,1
Mt3_a5cjJPrKNI-GaTfAAQ,Mt3_a5cjJPrKNI-GaTfAAQ.jpg,1
oKYVddr8q4hiIUmn6wtjeQ,oKYVddr8q4hiIUmn6wtjeQ.jpg,1
OvvRs4inrpYPoWYehLnZiQ,OvvRs4inrpYPoWYehLnZiQ.jpg,1
qE60_UtSzx9NZt5O0hjNhA,qE60_UtSzx9NZt5O0hjNhA.jpg,1
Ram-MvHWKrIE37NKBK98Bg,Ram-MvHWKrIE37NKBK98Bg.jpg,1
RjS5gl5bpcQgpv9ZpB3qdw,RjS5gl5bpcQgpv9ZpB3qdw.jpg,1
rxCqxx_-PrSkObC5XOe8vA,rxCqxx_-PrSkObC5XOe8vA.jpg,1
SBLIT1xgVyveWKPIf8rQow,SBLIT1xgVyveWKPIf8rQow.jpg,1
TlSVfkH-2CDPBiuy7e-N6w,TlSVfkH-2CDPBiuy7e-N6w.jpg,1
UuQHrk2jBYCP-WA1XOcxNg,UuQHrk2jBYCP-WA1XOcxNg.jpg,1
uxmHUfa7-Js4WPPrhRHSEQ,uxmHUfa7-Js4WPPrhRHSEQ.jpg,1
vC6hsAz1gkaegnT_bl5w5g,vC6hsAz1gkaegnT_bl5w5g.jpg,1
Venb7tMuvpSvkgC8DAnJUg,Venb7tMuvpSvkgC8DAnJUg.jpg,1
v_jkC-Az3fXJJQwdP2ix8Q,v_jkC-Az3fXJJQwdP2ix8Q.jpg,1
_vZsFNoai9bkER4DdRGE_g,_vZsFNoai9bkER4DdRGE_g.jpg,1
wczyRAhTyHSIG2VhtNOklQ,wczyRAhTyHSIG2VhtNOklQ.jpg,1
zdJHDaI9XLTuAApKWq3yUQ,zdJHDaI9XLTuAApKWq3yUQ.jpg,1
